Link Name,Center of Mass X,Center of Mass Y,Center of Mass Z,Center of Mass Roll,Center of Mass Pitch,Center of Mass Yaw,Mass,Moment Ixx,Moment Ixy,Moment Ixz,Moment Iyy,Moment Iyz,Moment Izz,Visual X,Visual Y,Visual Z,Visual Roll,Visual Pitch,Visual Yaw,Mesh Filename,Color Red,Color Green,Color Blue,Color Alpha,Collision X,Collision Y,Collision Z,Collision Roll,Collision Pitch,Collision Yaw,Collision Mesh Filename,Material Name,SW Components,Coordinate System,Axis Name,Joint Name,Joint Type,Joint Origin X,Joint Origin Y,Joint Origin Z,Joint Origin Roll,Joint Origin Pitch,Joint Origin Yaw,Parent,Joint Axis X,Joint Axis Y,Joint Axis Z,Limit Effort,Limit Velocity,Limit Lower,Limit Upper,Calibration rising,Calibration falling,Dynamics Damping,Dynamics Friction,Safety Soft Upper,Safety Soft Lower,Safety K Position,Safety K Velocity
base_link,0.156972518531195,0.27030007296188,0.382572707243359,0,0,0,1.94865473666873,0.00356052575291315,1.59475387693817E-07,9.98915333933505E-08,0.039784697908431,-2.79973858422103E-06,0.0365551734311929,0,0,0,0,0,0,package://hela_kelso_aurdf/meshes/base_link.STL,0.792156862745098,0.819607843137255,0.933333333333333,1,0,0,0,0,0,0,package://hela_kelso_aurdf/meshes/base_link.STL,,body_main-1,Origin_global,,,,0,0,0,0,0,0,,0,0,0,,,,,,,,,,,,
hip1,6.29066948532042E-09,-0.0316242728765641,0.0183751313519308,0,0,0,0.0314165910591528,2.37371090797212E-05,-6.42093779101057E-12,-2.43999609506918E-12,2.16855000251369E-06,1.61440578353631E-06,2.31394925914231E-05,0,0,0,0,0,0,package://hela_kelso_aurdf/meshes/hip1.STL,0.792156862745098,0.819607843137255,0.933333333333333,1,0,0,0,0,0,0,package://hela_kelso_aurdf/meshes/hip1.STL,,hip-1,Origin_hip1_joint,Axis_hip1_joint,hip1_joint,continuous,-0.0905198252940233,-0.313352169032782,0.271623259660119,-1.5707963267949,1.55432080378686,1.5707963267949,base_link,0,0,1,,,,,,,,,,,,
motor1,0.0210952681062875,0.028707473406237,0.0228987644866146,0,0,0,0.449999315080686,0.00121728652755671,-4.81171462727986E-10,4.22751342205506E-10,0.000598839312394393,-0.000355633019485834,0.000760978767420595,0,0,0,0,0,0,package://hela_kelso_aurdf/meshes/motor1.STL,0.172549019607843,0.172549019607843,0.172549019607843,1,0,0,0,0,0,0,package://hela_kelso_aurdf/meshes/motor1.STL,,ak10-9_mods_Component2 v1(Mirror).catpart-2;Upper_leg_rev2 v1(Mirror) (2).catpart-4,Origin_motor1_joint,Axis_motor1_joint,motor1_joint,continuous,0,-0.0797825057593018,0.02,-3.13067589532158,0,-1.57079632679488,hip1,1,0,0,,,,,,,,,,,,
lowerleg1,-0.0135900249342801,-0.121868504014585,-0.0141468800291416,0,0,0,0.0811120707443236,0.000604958968081021,8.23429426664711E-11,1.62884052472899E-10,1.76774129987981E-05,-3.92988434686116E-05,0.000592735331598514,0,0,0,0,0,0,package://hela_kelso_aurdf/meshes/lowerleg1.STL,0.172549019607843,0.172549019607843,0.172549019607843,1,0,0,0,0,0,0,package://hela_kelso_aurdf/meshes/lowerleg1.STL,,lower_leg_rev3_new_design v1(Mirror) (2).catpart-2,Origin_lowerleg1_joint,Axis_lowerleg1_joint,lowerleg1_joint,continuous,0.00362778447283513,0.218803517494514,0.17469045246453,0.761518257938866,0,-3.14159265358978,motor1,1,0,0,,,,,,,,,,,,
hip2,6.01847177650328E-09,-0.0316242729826089,0.0183751313390411,0,0,0,0.0314165908664649,2.37371090261215E-05,-6.12224833908778E-12,-2.36107651910842E-12,2.1685499955211E-06,1.61440576753203E-06,2.31394925410616E-05,0,0,0,0,0,0,package://hela_kelso_aurdf/meshes/hip2.STL,0.792156862745098,0.819607843137255,0.933333333333333,1,0,0,0,0,0,0,package://hela_kelso_aurdf/meshes/hip2.STL,,hip-2,Origin_hip2_joint,Axis_hip2_joint,hip2_joint,continuous,-0.0905198252940233,-0.451809826418424,0.271344878882752,1.5707963267949,-1.55869947679939,-1.5707963267949,base_link,0,0,1,,,,,,,,,,,,
motor2,0.0220025649960739,0.0295416072636512,-0.0218118710104073,0,0,0,0.449999335505677,0.00121728671759427,3.91725427669876E-10,4.28823375451116E-10,0.000572553851581562,0.00034859697400656,0.000787264421894665,0,0,0,0,0,0,package://hela_kelso_aurdf/meshes/motor2.STL,0.172549019607843,0.172549019607843,0.172549019607843,1,0,0,0,0,0,0,package://hela_kelso_aurdf/meshes/motor2.STL,,ak10-9_mods_Component2 v1(Mirror).catpart-3;Upper_leg_rev2 v1(Mirror) (2).catpart-2,Origin_motor2_joint,Axis_motor2_joint,motor2_joint,continuous,0,-0.0788751722716626,0.02,0.00188625305208507,0,-1.5707963267949,hip2,1,0,0,,,,,,,,,,,,
lowerleg2,0.0135933444545721,-0.121868487505486,-0.0141468812920616,0,0,0,0.0811120528327881,0.000604958900758813,6.30763259431251E-11,1.67384316420031E-10,1.7677411053823E-05,-3.92988691360775E-05,0.000592735266653804,0,0,0,0,0,0,package://hela_kelso_aurdf/meshes/lowerleg2.STL,0.172549019607843,0.172549019607843,0.172549019607843,1,0,0,0,0,0,0,package://hela_kelso_aurdf/meshes/lowerleg2.STL,,lower_leg_rev3_new_design v1(Mirror) (2).catpart-4,Origin_lowerleg2_joint,Axis_lowerleg2_joint,lowerleg2_joint,continuous,0.00253116342353643,0.225167085465643,-0.166407683335542,-2.43405923895833,0,0,motor2,1,0,0,,,,,,,,,,,,
hip3,1.3877520799177E-09,-0.0316242727101284,0.018375131159759,0,0,0,0.0314165922068951,2.3737108512484E-05,-1.02056051070635E-12,-1.02707573843679E-12,2.16855003083723E-06,1.61440632207117E-06,2.31394921059911E-05,0,0,0,0,0,0,package://hela_kelso_aurdf/meshes/hip3.STL,0.792156862745098,0.819607843137255,0.933333333333333,1,0,0,0,0,0,0,package://hela_kelso_aurdf/meshes/hip3.STL,,hip-4,Origin_hip3_joint,Axis_hip3_joint,hip3_joint,continuous,0.404480174705977,-0.451809826418425,0.27134487888275,1.5707963267949,1.50533491049962,1.5707963267949,base_link,0,0,1,,,,,,,,,,,,
motor3,0.0217858729172151,0.0193937982236572,-0.0311824630810668,0,0,0,0.449999401550915,0.00121728754507596,2.49770161542238E-10,2.04948814355016E-10,0.000841204802463653,0.000327158563282466,0.000518614309761318,0,0,0,0,0,0,package://hela_kelso_aurdf/meshes/motor3.STL,0.172549019607843,0.172549019607843,0.172549019607843,1,0,0,0,0,0,0,package://hela_kelso_aurdf/meshes/motor3.STL,,ak10-9_mods_Component2 v1(Mirror).catpart-4;Upper_leg_rev2 v1(Mirror) (2).catpart-1,Origin_motor3_joint,Axis_motor3_joint,motor3_joint,continuous,0,-0.0790918628384223,0.02,-2.47766679145992,0,-1.57079632679489,hip3,1,0,0,,,,,,,,,,,,
lowerleg3,0.0159078198314909,-0.121868445928012,-0.0141468830098621,0,0,0,0.0811119994976725,0.000604958747951132,7.95571779034606E-11,1.66135531728416E-10,1.76774099216867E-05,-3.92989213409393E-05,0.000592735114012437,0,0,0,0,0,0,package://hela_kelso_aurdf/meshes/lowerleg3.STL,0.172549019607843,0.172549019607843,0.172549019607843,1,0,0,0,0,0,0,package://hela_kelso_aurdf/meshes/lowerleg3.STL,,lower_leg_rev3_new_design v1(Mirror) (2).catpart-1,Origin_lowerleg3_joint,Axis_lowerleg3_joint,lowerleg3_joint,continuous,0,0.147762320073732,-0.23781932263099,3.09004079325926,0,0,motor3,1,0,0,,,,,,,,,,,,
hip4,5.83432885337132E-09,-0.0316242730536715,0.0183751313303364,0,0,0,0.0314165907376934,2.37371089899715E-05,-5.9201575321416E-12,-2.30769983768179E-12,2.16854999076964E-06,1.61440575698721E-06,2.31394925070357E-05,0,0,0,0,0,0,package://hela_kelso_aurdf/meshes/hip4.STL,0.792156862745098,0.819607843137255,0.933333333333333,1,0,0,0,0,0,0,package://hela_kelso_aurdf/meshes/hip4.STL,,hip-3,Origin_hip4_joint,Axis_hip4_joint,hip4_joint,continuous,0.404480174705977,-0.313352169032784,0.271623259660118,1.5707963267949,-1.56162726487663,1.5707963267949,base_link,0,0,1,,,,,,,,,,,,
motor4,0.0251771852856794,0.0343057179535811,0.013099282960488,0,0,0,0.449999409940674,0.00121728752195035,-6.51715820209025E-10,5.30721469415138E-10,0.000407994819900329,-0.000243119488891864,0.000951824271472715,0,0,0,0,0,0,package://hela_kelso_aurdf/meshes/motor4.STL,0.172549019607843,0.172549019607843,0.172549019607843,1,0,0,0,0,0,0,package://hela_kelso_aurdf/meshes/motor4.STL,,ak10-9_mods_Component2 v1(Mirror).catpart-1;Upper_leg_rev2 v1(Mirror) (2).catpart-3,Origin_motor4_joint,Axis_motor4_joint,motor4_joint,continuous,0,-0.0757005886322396,0.02,0.00916906191827447,0,-1.57079632679489,hip4,1,0,0,,,,,,,,,,,,
lowerleg4,-0.0161559683413696,-0.121868422842165,-0.0141468847424194,0,0,0,0.0811119761104264,0.000604958663950246,-4.26458569651548E-11,1.88711092823839E-10,1.76774007455639E-05,-3.92989582827429E-05,0.000592735045399338,0,0,0,0,0,0,package://hela_kelso_aurdf/meshes/lowerleg4.STL,0.172549019607843,0.172549019607843,0.172549019607843,1,0,0,0,0,0,0,package://hela_kelso_aurdf/meshes/lowerleg4.STL,,lower_leg_rev3_new_design v1(Mirror) (2).catpart-3,Origin_lowerleg4_joint,Axis_lowerleg4_joint,lowerleg4_joint,continuous,0.00314323410293524,0.261520892938644,0.0999927797733881,0.533214910109648,0,-3.14159265358979,motor4,1,0,0,,,,,,,,,,,,
